OEBPS/text/00_-_1_cover.xhtml;0;cover; Couverture
OEBPS/text/00_-_2_title.xhtml;0;titlepage; Page de titre
OEBPS/text/00_-_3_Presentation_Preface.xhtml;0;preface;
OEBPS/text/00_-_4_Preface.xhtml;1;;
OEBPS/text/00_-_5_pubLAFA.xhtml;1;;
OEBPS/text/01_-_1_Presentation.xhtml;0;;La frontière des rêves (Tesha Garisaki)
OEBPS/text/01_-_2_Illustration.xhtml;1;;
OEBPS/text/01_-_3_La_frontiere_des_reves.xhtml;1;;
OEBPS/text/02_-_1_Presentation.xhtml;0;;Vintage Porn Star (Mathieu Fluxe)
OEBPS/text/02_-_2_Illustration.xhtml;1;;
OEBPS/text/02_-_3_Vintage_Porn_Star.xhtml;1;;
OEBPS/text/03_-_1_Presentation.xhtml;0;;Paradise4 (Émilie Querbalec)
OEBPS/text/03_-_2_Illustration.xhtml;1;;
OEBPS/text/03_-_3_Paradise4.xhtml;1;;
OEBPS/text/04_-_1_Presentation.xhtml;0;;Maison close (Neil Jomunsi)
OEBPS/text/04_-_2_Illustration.xhtml;1;;
OEBPS/text/04_-_3_Maison_close.xhtml;1;;
OEBPS/text/04_-_4_Illustration.xhtml;1;;
OEBPS/text/05_-_1_Presentation.xhtml;0;;Ergo sumus (Nunzio Cusmano)
OEBPS/text/05_-_2_Illustration.xhtml;1;;
OEBPS/text/05_-_3_Ergo_sumus.xhtml;1;;
OEBPS/text/06_-_1_Presentation.xhtml;0;;Caraville (Nelly Chadour)
OEBPS/text/06_-_2_Illustration.xhtml;1;;
OEBPS/text/06_-_3_Caraville.xhtml;1;;
OEBPS/text/07_-_1_Presentation.xhtml;0;;Le coeur sous la cloche (Ludovic Klein)
OEBPS/text/07_-_2_Illustration.xhtml;1;;
OEBPS/text/07_-_3_Le_coeur_sous_la_cloche.xhtml;1;;
OEBPS/text/08_-_1_Presentation.xhtml;0;;Les Héritiers (Anthony Boulanger)
OEBPS/text/08_-_2_Illustration.xhtml;1;;
OEBPS/text/08_-_3_Les_Heritiers.xhtml;1;;
OEBPS/text/09_-_1_Presentation.xhtml;0;;La musique des sphères (Nicolas Chapperon)
OEBPS/text/09_-_2_Illustration.xhtml;1;;
OEBPS/text/09_-_3_La_Musique_des_Spheres.xhtml;1;;
OEBPS/text/10_-_01_Presentation.xhtml;0;;Poogle Man (Herr Mad Doktor)
OEBPS/text/10_-_02_Illustration.xhtml;1;;
OEBPS/text/10_-_03_Poogle_Man_I.xhtml;1;;
OEBPS/text/10_-_04_Poogle_Man_II.xhtml;1;;
OEBPS/text/10_-_05_Poogle_Man_II_footnotes.xhtml;1;footnotes;
OEBPS/text/10_-_06_Poogle_Man_III.xhtml;1;;
OEBPS/text/10_-_07_Poogle_Man_III_footnotes.xhtml;1;footnotes;
OEBPS/text/10_-_08_Poogle_Man_IV.xhtml;1;;
OEBPS/text/10_-_09_Poogle_Man_IV_footnotes.xhtml;1;footnotes;
OEBPS/text/10_-_10_Poogle_Man_V.xhtml;1;;
OEBPS/text/10_-_11_Poogle_Man_V_footnotes.xhtml;1;footnotes;
OEBPS/text/10_-_12_Poogle_Man_VI.xhtml;1;;
OEBPS/text/10_-_13_Poogle_Man_VI_footnotes.xhtml;1;footnotes;
OEBPS/text/11_-_1_Presentation.xhtml;0;;L’absurde et très courte histoire de l’homme qui voulait monter dans la hiérarchie (Corvis)
OEBPS/text/11_-_2_Illustration.xhtml;1;;
OEBPS/text/11_-_3_L_absurde_et_tres_courte_histoire.xhtml;1;;
OEBPS/text/12_-_1_Presentation.xhtml;0;;Changez d’air (Arnaud Lecointre)
OEBPS/text/12_-_2_Illustration.xhtml;1;;
OEBPS/text/12_-_3_Changez_d_air.xhtml;1;;
OEBPS/text/13_-_1_Presentation.xhtml;0;;La vengeance du XIXe siècle (Maniak)
OEBPS/text/13_-_2_Illustration.xhtml;1;;
OEBPS/text/13_-_3_La_vengeance_du_XIXe_siecle.xhtml;1;;
OEBPS/text/13_-_4_Illustration.xhtml;1;;
OEBPS/text/14_-_1_Presentation.xhtml;0;;Patrino (Vincent Leclercq)
OEBPS/text/14_-_2_Illustration.xhtml;1;;
OEBPS/text/14_-_3_Patrino.xhtml;1;;
OEBPS/text/15_-_1_Presentation.xhtml;0;;Moisson (Gallinacé Ardent)
OEBPS/text/15_-_2_Illustration.xhtml;1;;
OEBPS/text/15_-_3_Moisson.xhtml;1;;
OEBPS/text/16_-_1_Presentation.xhtml;0;;Les enfants de nos enfants (Southeast Jones)
OEBPS/text/16_-_2_Illustration.xhtml;1;;
OEBPS/text/16_-_3_Les_enfants_de_nos_enfants_I.xhtml;1;;
OEBPS/text/16_-_4_Les_enfants_de_nos_enfants_II.xhtml;1;;
OEBPS/text/16_-_5_Les_enfants_de_nos_enfants_III.xhtml;1;;
OEBPS/text/16_-_6_Les_enfants_de_nos_enfants_IV.xhtml;1;;
OEBPS/text/17_-_Les_auteurs_et_illustrateurs.xhtml;0;;Les auteurs et illustrateurs
toc;0;toc;Sommaire
OEBPS/text/19_-_Remerciements_et_credits.xhtml;0;;Remerciements et crédits