OEBPS/text/00_-_1_cover.xhtml;0;cover;Couverture
OEBPS/text/00_-_2_title.xhtml;0;titlepage;Page de titre
OEBPS/text/00_-_3_Presentation.xhtml;0;preface;Préface [Vincent Leclercq]
OEBPS/text/00_-_4_Preface.xhtml;1;;
OEBPS/text/01_-_1_Presentation.xhtml;0;;Ne va pas par là [Martin Lopez]
OEBPS/text/01_-_2_Illustration.xhtml;1;;
OEBPS/text/01_-_3_Ne_va_pas_par_la.xhtml;1;;
OEBPS/text/02_-_1_Presentation.xhtml;0;;Le moine copiste et la Blanche-Face [Olivier Boile]
OEBPS/text/02_-_2_Illustration.xhtml;1;;
OEBPS/text/02_-_3_Le_moine_copiste_et_la_Blanche-Face.xhtml;1;;
OEBPS/text/03_-_1_Presentation.xhtml;0;;Le manoir aux urnes [NokomisM]
OEBPS/text/03_-_2_Illustration.xhtml;1;;
OEBPS/text/03_-_3_Le_manoir_aux_urnes.xhtml;1;;
OEBPS/text/04_-_1_Presentation.xhtml;0;;Ambre Solis [Gallinacé Ardent]
OEBPS/text/04_-_2_Illustration.xhtml;1;;
OEBPS/text/04_-_3_Ambre_Solis.xhtml;1;;
OEBPS/text/05_-_1_Presentation.xhtml;0;;Le fils du tyran [Stéphane Croenne]
OEBPS/text/05_-_2_Illustration.xhtml;1;;
OEBPS/text/05_-_3_Le_fils_du_tyran.xhtml;1;;
OEBPS/text/06_-_1_Presentation.xhtml;0;;Oh oui… [Bruno Pochesci]
OEBPS/text/06_-_2_Illustration.xhtml;1;;
OEBPS/text/06_-_3_Oh_oui.xhtml;1;;
OEBPS/text/07_-_1_Presentation.xhtml;0;;Le chemin de la vallée inondée [Diane]
OEBPS/text/07_-_2_Illustration.xhtml;1;;
OEBPS/text/07_-_3_Le_Chemin_de_la_Vallee_inondee.xhtml;1;;
OEBPS/text/08_-_1_Presentation.xhtml;0;;Demain sera un autre jour [Crazy]
OEBPS/text/08_-_2_Illustration.xhtml;1;;
OEBPS/text/08_-_3_Demain_sera_un_autre_jour.xhtml;1;;
OEBPS/text/09_-_1_Presentation.xhtml;0;;Mammam-IA [Tesha Garisaki]
OEBPS/text/09_-_2_Illustration.xhtml;1;;
OEBPS/text/09_-_3_Mammam-IA.xhtml;1;;
OEBPS/text/10_-_1_Presentation.xhtml;0;;Venus Requiem [Émilie Querbalec]
OEBPS/text/10_-_2_Illustration.xhtml;1;;
OEBPS/text/10_-_3_Venus_Requiem.xhtml;1;;
OEBPS/text/10_-_4_Illustration.xhtml;1;;
OEBPS/text/11_-_1_Presentation.xhtml;0;;Le temps des moissons [Southeast Jones]
OEBPS/text/11_-_2_Illustration.xhtml;1;;
OEBPS/text/11_-_3_Le_temps_des_moissons.xhtml;1;;
OEBPS/text/12_-_1_Presentation.xhtml;0;;Robô [Xavier Portebois]
OEBPS/text/12_-_2_Illustration.xhtml;1;;
OEBPS/text/12_-_3_Robo.xhtml;1;;
OEBPS/text/13_-_1_Presentation.xhtml;0;;Die Nachzehrermethode [Quentin Foureau]
OEBPS/text/13_-_2_Illustration.xhtml;1;;
OEBPS/text/13_-_3_Die_Nachzehrermethode.xhtml;1;;
OEBPS/text/13_-_4_footnotes.xhtml;1;footnotes;
OEBPS/text/14_-_1_Presentation.xhtml;0;;Le mécanisme de la mort du langage [Mort Niak]
OEBPS/text/14_-_2_Le_mecanisme_de_la_mort_du_langage.xhtml;1;;
OEBPS/text/15_-_1_Presentation.xhtml;0;;Délivre-nous du mal [Ria Laune]
OEBPS/text/15_-_2_Illustration.xhtml;1;;
OEBPS/text/15_-_3_Delivre-nous_du_mal.xhtml;1;;
OEBPS/text/16_-_1_Presentation.xhtml;0;;Les âmes de la foire [Vincent T.]
OEBPS/text/16_-_2_Illustration.xhtml;1;;
OEBPS/text/16_-_3_Les_ames_de_la_foire.xhtml;1;;
OEBPS/text/17_-_1_Presentation.xhtml;0;;Tri Nox Samoni [Jérôme Nédélec]
OEBPS/text/17_-_2_Illustration.xhtml;1;;
OEBPS/text/17_-_3_Tri_Nox_Samoni.xhtml;1;;
OEBPS/text/18_-_1_Presentation.xhtml;0;;La dette du psychopompe [Guillaume G. Lemaître]
OEBPS/text/18_-_2_Illustration.xhtml;1;;
OEBPS/text/18_-_3_La_dette_du_psychopompe.xhtml;1;;
OEBPS/text/19_-_Les_auteurs_et_illustrateurs.xhtml;0;;Les auteurs et illustrateurs
toc;0;toc;Sommaire
OEBPS/text/20_-_1_Remerciements.xhtml;0;;Remerciements
OEBPS/text/20_-_2_Credits.xhtml;0;;Crédits