1;OEBPS/text/00_-_cover.xhtml;0;cover; 
2;OEBPS/text/00_-_title.xhtml;0;titlepage; 
3;OEBPS/text/01_-_le_mot_du_president.xhtml;0;foreword;Le mot du président (Herr Mad Doktor)
4;OEBPS/text/pubLAFA.xhtml;1;; 
5;OEBPS/text/02_-_Preface_1_content.xhtml;0;preface;Préface (Ludovic Klein)
6;OEBPS/text/02_-_Preface_2_footnotes.xhtml;1;footnotes; 
7;OEBPS/text/03_-_Emancipation_1.xhtml;0;part;Émancipation (Southeast Jones)
8;OEBPS/text/03_-_Emancipation_2.xhtml;1;; 
9;OEBPS/text/03_-_Emancipation_3.xhtml;1;; 
10;OEBPS/text/04_-_Bibliophobia_1.xhtml;0;part;Bibliphobia (Mathieu Fluxe)
11;OEBPS/text/04_-_Bibliophobia_2.xhtml;1;; 
12;OEBPS/text/04_-_Bibliophobia_3.xhtml;1;; 
13;OEBPS/text/05_-_Ma_fin_du_monde.xhtml;0;part;Ma fin du Monde (Vincent Leclercq)
14;OEBPS/text/06_-_Canicule_1.xhtml;0;part;Canicule (Adam Roy)
15;OEBPS/text/06_-_Canicule_2.xhtml;1;; 
16;OEBPS/text/06_-_Canicule_3.xhtml;1;; 
17;OEBPS/text/07_-_De_terre_et_de_sang_1.xhtml;0;part;De terre et de sang (Herr Mad Doktor)
18;OEBPS/text/07_-_De_terre_et_de_sang_2.xhtml;1;; 
19;OEBPS/text/07_-_De_terre_et_de_sang_3.xhtml;1;; 
20;OEBPS/text/08_-_Clic.xhtml;0;part;Clic ! (Southeast Jones)
21;OEBPS/text/09_-_La_prophetesse_1.xhtml;0;part;La prophétesse (François Ali Wisard)
22;OEBPS/text/09_-_La_prophetesse_2.xhtml;1;; 
23;OEBPS/text/09_-_La_prophetesse_3.xhtml;1;; 
24;OEBPS/text/10_-_Noxos_1.xhtml;0;part;Noxos (Aurélien Clause)
25;OEBPS/text/10_-_Noxos_2.xhtml;1;; 
26;OEBPS/text/10_-_Noxos_3.xhtml;1;; 
27;OEBPS/text/11_-_Contrat_1.xhtml;0;part;Contrat (Southeast Jones)
28;OEBPS/text/11_-_Contrat_2.xhtml;1;; 
29;OEBPS/text/11_-_Contrat_3.xhtml;1;; 
30;OEBPS/text/12_-_Je_meurs_comme_j_ai_vecu_1.xhtml;0;part;Je meurs comme j’ai vécu (Vincent Leclercq)
31;OEBPS/text/12_-_Je_meurs_comme_j_ai_vecu_2.xhtml;1;; 
32;OEBPS/text/12_-_Je_meurs_comme_j_ai_vecu_3.xhtml;1;; 
33;OEBPS/text/13_-_Le_carnaval_de_Cobalt_1.xhtml;0;part;Le carnaval de Cobalt (Ludovic Klein)
34;OEBPS/text/13_-_Le_carnaval_de_Cobalt_2.xhtml;1;; 
35;OEBPS/text/13_-_Le_carnaval_de_Cobalt_3.xhtml;1;; 
36;OEBPS/text/13_-_Le_carnaval_de_Cobalt_4.xhtml;1;; 
37;OEBPS/text/13_-_Le_carnaval_de_Cobalt_5.xhtml;1;; 
38;OEBPS/text/13_-_Le_carnaval_de_Cobalt_6.xhtml;1;; 
39;OEBPS/text/13_-_Le_carnaval_de_Cobalt_7.xhtml;1;; 
40;OEBPS/text/14_-_L_apocalypse_selon_le_prince_Jean_1.xhtml;0;part;L’Apocalypse selon le Prince Jean (Vincent T.)
41;OEBPS/text/14_-_L_apocalypse_selon_le_prince_Jean_2.xhtml;1;; 
42;OEBPS/text/14_-_L_apocalypse_selon_le_prince_Jean_3.xhtml;1;; 
43;OEBPS/text/15_-_Souvenirs.xhtml;0;;Souvenirs (Vincent T.)
44;OEBPS/text/16_-_Youpi_on_va_tous_mourir_1.xhtml;0;part;Youpi, on va tous mourir ! (Marie Latour)
45;OEBPS/text/16_-_Youpi_on_va_tous_mourir_2.xhtml;1;; 
46;OEBPS/text/16_-_Youpi_on_va_tous_mourir_3.xhtml;1;; 
47;OEBPS/text/17_-_Khao_okh_1.xhtml;0;part;Khao-Okh (Ana Minski)
48;OEBPS/text/17_-_Khao_okh_2.xhtml;1;; 
49;OEBPS/text/17_-_Khao_okh_3.xhtml;1;; 
50;OEBPS/text/18_-_Crises_tentaculaires_1.xhtml;0;part;Crises Tentaculaires (Herr Mad Doktor)
51;OEBPS/text/18_-_Crises_tentaculaires_2.xhtml;1;; 
52;OEBPS/text/18_-_Crises_tentaculaires_3.xhtml;1;; 
53;OEBPS/text/18_-_Crises_tentaculaires_4.xhtml;1;; 
54;OEBPS/text/19_-_Le_club_de_la_fin_du_monde_1.xhtml;0;part;Le club de la fin du Monde (Maniak)
55;OEBPS/text/19_-_Le_club_de_la_fin_du_monde_2.xhtml;1;; 
56;OEBPS/text/19_-_Le_club_de_la_fin_du_monde_3.xhtml;1;; 
57;OEBPS/text/20_-_Clic2.xhtml;0;part;Clic 2 : Le Gloublou (Ludovic Klein)
58;OEBPS/text/21_-_La_fin_d_un_monde_01.xhtml;0;part;La fin d’un monde (Corvis)
59;OEBPS/text/21_-_La_fin_d_un_monde_02.xhtml;1;; 
60;OEBPS/text/21_-_La_fin_d_un_monde_03.xhtml;1;; 
61;OEBPS/text/21_-_La_fin_d_un_monde_04.xhtml;1;; 
62;OEBPS/text/21_-_La_fin_d_un_monde_05.xhtml;1;; 
63;OEBPS/text/21_-_La_fin_d_un_monde_06.xhtml;1;; 
64;OEBPS/text/21_-_La_fin_d_un_monde_07.xhtml;1;; 
65;OEBPS/text/21_-_La_fin_d_un_monde_08.xhtml;1;; 
66;OEBPS/text/21_-_La_fin_d_un_monde_09.xhtml;1;; 
67;OEBPS/text/21_-_La_fin_d_un_monde_10.xhtml;1;; 
68;OEBPS/text/21_-_La_fin_d_un_monde_11.xhtml;1;; 
69;OEBPS/text/21_-_La_fin_d_un_monde_12.xhtml;1;; 
70;OEBPS/text/21_-_La_fin_d_un_monde_13.xhtml;1;; 
71;OEBPS/text/21_-_La_fin_d_un_monde_14.xhtml;1;; 
72;OEBPS/text/21_-_La_fin_d_un_monde_15.xhtml;1;; 
73;OEBPS/text/21_-_La_fin_d_un_monde_16.xhtml;1;; 
74;OEBPS/text/21_-_La_fin_d_un_monde_17.xhtml;1;; 
75;OEBPS/text/21_-_La_fin_d_un_monde_18.xhtml;1;; 
76;OEBPS/text/21_-_La_fin_d_un_monde_19.xhtml;1;; 
77;OEBPS/text/21_-_La_fin_d_un_monde_20.xhtml;1;; 
78;OEBPS/text/21_-_La_fin_d_un_monde_21.xhtml;1;; 
79;OEBPS/text/21_-_La_fin_d_un_monde_22.xhtml;1;; 
80;OEBPS/text/21_-_La_fin_d_un_monde_23.xhtml;1;; 
81;OEBPS/text/21_-_La_fin_d_un_monde_24.xhtml;1;; 
82;OEBPS/text/21_-_La_fin_d_un_monde_25.xhtml;1;; 
83;OEBPS/text/21_-_La_fin_d_un_monde_26.xhtml;1;; 
84;OEBPS/text/21_-_La_fin_d_un_monde_27.xhtml;1;; 
85;OEBPS/text/21_-_La_fin_d_un_monde_28.xhtml;1;; 
86;OEBPS/text/21_-_La_fin_d_un_monde_29.xhtml;1;; 
87;OEBPS/text/21_-_La_fin_d_un_monde_30.xhtml;1;; 
88;OEBPS/text/21_-_La_fin_d_un_monde_31.xhtml;1;; 
89;OEBPS/text/21_-_La_fin_d_un_monde_32.xhtml;1;; 
90;OEBPS/text/21_-_La_fin_d_un_monde_33.xhtml;1;; 
91;OEBPS/text/21_-_La_fin_d_un_monde_34.xhtml;1;; 
92;OEBPS/text/21_-_La_fin_d_un_monde_35.xhtml;1;; 
93;OEBPS/text/21_-_La_fin_d_un_monde_36.xhtml;1;; 
94;OEBPS/text/22_-_1.xhtml;0;part;... (Southeast Jones)
95;OEBPS/text/22_-_2.xhtml;1;; 
96;OEBPS/text/23_-_bonus_-_Le_grand_Lamento_1.xhtml;0;;Le grand Lamento (Diane)
97;OEBPS/text/23_-_bonus_-_Le_grand_Lamento_2.xhtml;1;; 
98;OEBPS/text/23_-_bonus_-_Le_grand_Lamento_3.xhtml;1;; 
99;OEBPS/text/23_-_bonus_-_Le_grand_Lamento_4_footnotes.xhtml;1;footnotes; 
100;toc;0;toc;Sommaire
101;OEBPS/text/pubJFC.xhtml;1;; 
102;OEBPS/text/24_-_credits.xhtml;0;backmatter;Remerciements et crédits
