OEBPS/text/00_-_title.xhtml;0;cover;
OEBPS/text/01_-_Nosfe_-_Heil_to_the_King_1.xhtml;0;part;Heil to the King ! [Nosfé]
OEBPS/text/01_-_Nosfe_-_Heil_to_the_King_2_Annexe.xhtml;1;;
OEBPS/text/02_-_Vieille_Harpie_-_Running_in_madness.xhtml;0;part;Running in madness [Vieille Harpie]
OEBPS/text/03_-_Mac_Ready_-_Le_Grand_Processus_Invariable.xhtml;0;part;Le Grand Processus Invariable [Mac Ready]
OEBPS/text/04_-_Gallinace_Ardent_-_SCROFANOVAX.xhtml;0;part;SCROFANOVAX [Gallinacé Ardent]
OEBPS/text/05_-_Gallinace_Ardent_-_Les_aventures.xhtml;0;part;Les aventures de Clothain et Chagane [Gallinacé Ardent]
OEBPS/text/06_-_Maniak_-_Rock_n_rollocaust.xhtml;0;part;Rock'n'rollocaust : Cène sanglante [Maniak]
OEBPS/text/07_-_Diane_-_Love_me_sweet.xhtml;0;part;Love me sweet [Diane]
OEBPS/text/08_-_Vinze_-_Elvis_et_la_quete_de_la_Liporne.xhtml;0;part;Elvis et la quête de la Liporne [Vinze]
OEBPS/text/09_-_Monty_-_Le_secret_du_pecheur.xhtml;0;part;Le secret du pêcheur [Monty]